id,сфера,утверждение,тип,сложность_из_100,пояснение_после_ответа
1,География,"В Эквадоре не бывает снега: страна расположена на экваторе, поэтому все её горы бесснежные.",фейк,34,На высоких вершинах Анд в Эквадоре есть снег и ледники.
2,Интернет,С момента создания Википедии публиковать статьи в ней могли только учёные с подтверждённым дипломом.,фейк,32,Википедия строится на открытом редактировании; обязательной учёной степени для авторов нет.
3,Музыка,На золотых пластинках зондов «Вояджер» записали музыку Баха и Чака Берри.,факт,58,Две запущенные в 1977 году станции несут записи музыки и звуков Земли.
4,Животные,Акулы появились на Земле раньше первых деревьев.,факт,73,"Древнейшие акулообразные известны примерно с 450 млн лет назад, а деревья появились позднее."
5,Космос,Обратная сторона Луны всегда погружена в темноту и никогда не освещается Солнцем.,фейк,16,Обратная сторона получает солнечный свет; с Земли обычно не видна из-за синхронного вращения Луны.
6,Искусство,Эйфелева башня может становиться выше в жаркую погоду.,факт,44,"При нагревании металл расширяется, и высота конструкции немного увеличивается."
7,География,В Ватикане действует собственный международный аэропорт с пассажирскими рейсами.,фейк,51,"У Ватикана есть вертолётная площадка, но нет международного аэропорта с регулярными пассажирскими рейсами."
8,Новая история,На Олимпийских играх с 1912 по 1948 год вручали медали за произведения искусства.,факт,76,"В программу входили конкурсы по архитектуре, литературе, музыке, живописи и скульптуре."
9,Земля,Канал молнии может быть горячее поверхности Солнца.,факт,47,Воздух в канале молнии кратковременно разогревается до десятков тысяч градусов — выше температуры солнечной поверхности.
10,Океан,Во всех частях Мирового океана вода имеет совершенно одинаковую солёность.,фейк,41,"Солёность зависит, например, от испарения, осадков, притока рек и таяния льда."
11,Искусство,Оригинал «Моны Лизы» хранится в мадридском музее Прадо.,фейк,21,Оригинал Леонардо да Винчи выставлен в Лувре в Париже; в Прадо есть известная копия.
12,География,Тихий океан в самом широком месте значительно шире диаметра Луны.,факт,52,Ширина Тихого океана составляет многие тысячи километров; диаметр Луны — около 3475 км.
13,Земля,"Вершина Чимборасо находится дальше от центра Земли, чем вершина Эвереста.",факт,78,"Земля выпукла у экватора; Эверест выше над уровнем моря, но Чимборасо дальше от центра планеты."
14,Земля,Все землетрясения на Земле начинаются внутри действующих вулканов.,фейк,18,Многие землетрясения связаны с разломами и движением тектонических плит вдали от вулканов.
15,Человек,Во время обычной деятельности человек использует только десять процентов своего мозга.,фейк,20,Активность распределена по множеству участков; не существует неиспользуемых девяноста процентов мозга.
16,Интернет,"Первое SMS, отправленное в 1992 году, содержало поздравление «Merry Christmas».",факт,51,Инженер Нил Папуорт отправил это сообщение с компьютера на мобильный телефон.
17,Космос,На Меркурии промежуток между двумя полуднями длится примерно два местных года.,факт,79,"Солнечные сутки на Меркурии составляют около 176 земных дней, а год — около 88."
18,Животные,У морских коньков потомство вынашивает самец.,факт,25,"Самка передаёт икру в выводковую сумку самца, где развиваются эмбрионы."
19,Еда,"Ананас растёт на невысоком травянистом растении, а не на пальме.",факт,24,Плод ананаса формируется у земли в центре розетки листьев.
20,Земля,В Долине Смерти камни могут сами перемещаться по высохшему дну озера и оставлять длинные следы.,факт,83,Тонкие пластины льда вместе с ветром иногда сдвигают камни по влажному грунту.
21,Океан,В обычной глубинной океанской волне одна и та же масса воды путешествует вместе с гребнем на сотни километров.,фейк,67,В открытом океане частицы воды в основном совершают колебания; энергия волны распространяется дальше самой воды.
22,Растения и грибы,"Некоторые орхидеи привлекают насекомых цветками, похожими на самок этих насекомых.",факт,68,У орхидей рода офрис форма и запах цветка могут вызывать у самцов попытку спаривания и способствовать опылению.
23,Спорт и игры,В шахматах чёрные могут поставить мат уже своим вторым ходом.,факт,37,Так называемый дурацкий мат возможен после двух неудачных ходов белых.
24,Физика,"Звук распространяется в воде быстрее, чем в воздухе.",факт,37,"В обычных условиях скорость звука в воде примерно вчетверо выше, чем в воздухе."
25,Технологии,GPS определяет местоположение в первую очередь по сигналу ближайшей вышки сотовой связи.,фейк,38,Приёмник GPS рассчитывает координаты по сигналам навигационных спутников; сотовая сеть может лишь помогать.
26,Новая история,Первую мировую войну закончили подписанием Версальского договора 11 ноября 1918 года.,фейк,54,11 ноября 1918 года вступило в силу перемирие; Версальский договор подписали 28 июня 1919 года.
27,Медицина,Антибиотики при гриппе уничтожают сам вирус гриппа.,фейк,13,"Антибиотики действуют на бактерии, а не на вирус гриппа."
28,Еда,"Банан с ботанической точки зрения — ягода, а клубника не относится к настоящим ягодам.",факт,65,"Банан развивается как ягода, а съедобная часть клубники в основном представляет собой разросшееся цветоложе."
29,Новая история,Мария Кюри получила Нобелевские премии по двум разным научным дисциплинам.,факт,43,Её наградили по физике в 1903 году и по химии в 1911 году.
30,Древняя история,"Клеопатра жила ближе к первому полёту человека в космос, чем к постройке пирамиды Хеопса.",факт,70,"Клеопатра умерла в 30 году до н. э.; пирамида старше её примерно на 2,5 тысячелетия, а полёт Гагарина состоялся в 1961 году."
31,Растения и грибы,"Колючки кактуса — это корни, которые растут наружу, чтобы собирать влагу из воздуха.",фейк,27,"Колючки кактусов представляют собой видоизменённые листья, а не корни."
32,Древняя история,Некоторые древнеримские морские сооружения из бетона сохранились до наших дней.,факт,65,Римляне применяли бетон в портах и других морских постройках; сохранились части таких сооружений.
33,Спорт и игры,"В олимпийском фехтовании попадание засчитывается только тогда, когда на коже соперника появилась видимая царапина.",фейк,51,"Попадания фиксируют по правилам оружия, в частности электронной аппаратурой, без необходимости ранить соперника."
34,Музыка,Бетховен сочинил все свои девять симфоний уже после полной потери слуха.,фейк,41,"Первые симфонии написаны до того, как композитор полностью оглох."
35,Растения и грибы,"Бамбук относится к злакам, а не к деревьям.",факт,19,"Бамбук — группа растений из семейства злаковых, хотя многие виды одревесневают."
36,Язык,Слово «алфавит» образовано от названий двух первых греческих букв.,факт,29,Это буквы альфа и бета.
37,Океан,На морском дне существуют «озёра» из особо солёной воды с различимой границей.,факт,82,"Плотные соляные рассолы скапливаются в углублениях дна, образуя подводные соляные бассейны."
38,Интернет,"Если сайт использует HTTPS, это гарантирует, что его магазин честный и никогда не украдёт деньги.",фейк,53,"HTTPS шифрует соединение, но не подтверждает добросовестность владельца сайта."
39,Медицина,"Вакцинация от бешенства может предотвратить болезнь после укуса заражённого животного, если её вовремя начать.",факт,61,Постконтактная профилактика проводится до появления симптомов и может включать вакцину и иммуноглобулин.
40,Спорт и игры,"Марафон длиной 42,195 км входил в программу ещё самых первых Олимпийских игр Древней Греции.",фейк,39,Античные Олимпийские игры не включали современный марафон; дистанцию стандартизировали значительно позднее.
41,Физика,"Если одновременно отпустить в вакууме два шара разной массы с одной высоты, более тяжёлый обязательно достигнет пола раньше.",фейк,56,В однородном гравитационном поле без сопротивления воздуха тела падают с одинаковым ускорением.
42,Медицина,"Пенициллин обнаружили после того, как плесень помешала росту бактерий в лабораторной чашке.",факт,31,Александр Флеминг заметил подавление роста бактерий вокруг колонии плесени Penicillium.
43,Человек,Роговица глаза получает значительную часть кислорода непосредственно из воздуха через слёзную плёнку.,факт,64,В здоровой роговице нет собственных кровеносных сосудов; кислород поступает в том числе из воздуха.
44,Еда,"Жгучесть острого перца возникает из-за микроскопических шипов, которые царапают язык.",фейк,33,Капсаицин активирует чувствительные нервные рецепторы; механические шипы не нужны.
45,Еда,Обычная пастеризация делает открытое молоко полностью стерильным и позволяет хранить его год при комнатной температуре.,фейк,31,"Пастеризация снижает количество микроорганизмов, но не делает открытый продукт стерильным и долговечным."
46,Физика,"При особых температуре и давлении вода может одновременно существовать как лёд, жидкость и пар.",факт,82,В тройной точке воды три фазы находятся в равновесии.
47,Технологии,Реальную моль однажды извлекли из реле компьютера и сохранили в журнале как «bug».,факт,71,Насекомое обнаружили в реле Harvard Mark II в 1947 году; слово bug для технических неполадок существовало и раньше.
48,Космос,За одни земные сутки на МКС можно наблюдать примерно шестнадцать восходов Солнца.,факт,45,Станция совершает оборот вокруг Земли примерно за 90 минут.
49,Химия,Алмаз и графит состоят из одного химического элемента.,факт,34,"Оба — формы углерода с разным расположением атомов, поэтому их свойства сильно различаются."
50,Кино,До окончания Второй мировой войны не существовало ни одного фильма с цветным изображением.,фейк,45,Цветное кино и разные технологии его создания существовали задолго до 1945 года.
51,Химия,Металл галлий может расплавиться от тепла человеческой ладони.,факт,52,"Температура плавления галлия около 29,8 °C, поэтому достаточно тёплая рука может его расплавить."
52,Человек,"Человеческое тело излучает очень слабый видимый свет, незаметный невооружённому глазу.",факт,75,Сверхслабое свечение связано с биохимическими реакциями; его фиксируют чувствительные камеры.
53,Язык,Слово «алгоритм» произошло от названия языка программирования ALGOL.,фейк,55,"Термин восходит к латинизированной форме имени математика аль-Хорезми, жившего задолго до компьютеров."
54,Древняя история,Каждый поединок гладиаторов в Древнем Риме обязательно заканчивался смертью проигравшего.,фейк,48,Проигравшего могли пощадить; гладиаторы были обученными и затратными бойцами.
55,Растения и грибы,"У грибов есть хлорофилл, поэтому в темноте они теряют способность получать энергию.",фейк,44,Грибы не фотосинтезируют: они получают органические вещества из внешних источников.
56,Медицина,После обычного переливания крови группа крови пациента навсегда меняется на группу донора.,фейк,35,Перелитые клетки со временем удаляются; группа крови пациента не меняется от стандартного переливания.
57,География,Самая длинная сухопутная граница Франции проходит с Бразилией.,факт,79,Французская Гвиана — часть Франции в Южной Америке; её граница с Бразилией длиннее французской границы с Испанией.
58,Кино,"Премию «Оскар» за лучший фильм по правилам вручают только режиссёру картины, а не её продюсерам.",фейк,55,"Награду в категории «Лучший фильм» присуждают продюсерам, которые отвечают требованиям киноакадемии."
59,Кино,"Движения Голлума в кинотрилогии «Властелин колец» создавали с участием актёра, игравшего персонажа, с помощью захвата движений.",факт,55,Энди Серкис исполнял роль Голлума; его мимику и движения использовали при создании цифрового персонажа.
60,География,Ни одна крупная река мира не течёт с юга на север.,фейк,18,Нил течёт преимущественно на север; направление течения задаёт рельеф.
61,Искусство,Эдвард Мунк создал несколько авторских версий картины «Крик».,факт,72,"Существуют несколько версий произведения, выполненных художником в разных техниках."
62,Технологии,"Одну из первых веб-камер создали, чтобы следить из соседнего помещения за кофейником.",факт,54,Камера в Кембриджском университете показывала состояние кофейника в компьютерной лаборатории.
63,Новая история,Во Франции гильотину применяли для казни уже после выхода первого фильма «Звёздные войны».,факт,84,Первый фильм вышел в мае 1977 года; последняя казнь на гильотине во Франции состоялась в сентябре того же года.
64,Кино,Для сцены в душе фильма «Психо» вместо крови использовали шоколадный сироп.,факт,61,Чёрно-белая съёмка позволяла использовать сироп как экранный заменитель крови.
65,Физика,"Обычный магнит притягивает каждый металл, включая золото и медь.",фейк,26,Ферромагнетизм характерен лишь для некоторых материалов; золото и медь не притягиваются обычным магнитом подобно железу.
66,Человек,Кровь внутри вен синяя и становится красной лишь после контакта с воздухом.,фейк,12,Венозная кровь тёмно-красная; синий вид вен связан с прохождением света через ткани.
67,Космос,"Плутон перестали считать планетой потому, что он больше не обращается вокруг Солнца.",фейк,22,"Плутон продолжает обращаться вокруг Солнца; классификацию изменили из-за критериев планеты, в частности орбитального окружения."
68,Медицина,Рентгеновский снимок без специальных методик показывает мышцы и кости с абсолютно одинаковой контрастностью.,фейк,52,Разные ткани по-разному поглощают рентгеновское излучение; кости обычно выделяются сильнее.
69,Язык,Все национальные жестовые языки имеют одинаковую грамматику и один общий алфавит.,фейк,42,Разные сообщества используют самостоятельные жестовые языки с собственной грамматикой и лексикой.
70,Музыка,В произведении Джона Кейджа «4′33″» музыкант намеренно не извлекает звуков из инструмента.,факт,69,Во время исполнения слышны звуки зала и окружения; произведение посвящено самому акту слушания.
71,Интернет,Режим инкогнито в браузере скрывает посещённые сайты от интернет-провайдера.,фейк,22,"Инкогнито прежде всего ограничивает локальное сохранение истории и данных в браузере, а не видимость трафика для провайдера."
72,Древняя история,В античных Афинах абсолютно всех государственных должностных лиц назначали только прямым голосованием граждан.,фейк,74,"Многие должности распределяли по жребию, а часть, включая стратегов, занимали по итогам выборов."
73,Кино,"В эпоху немого кино показы фильмов всегда проходили в полной тишине, без музыки в зале.",фейк,36,"Немые фильмы часто сопровождали пианисты, органисты или целые оркестры."
74,Земля,"Полярное сияние возникает, когда солнечный свет отражается от снежных кристаллов в верхних облаках.",фейк,29,Сияние создаёт свечение атомов и молекул атмосферы под воздействием заряженных частиц.
75,Животные,У вомбатов помёт имеет форму маленьких кубиков.,факт,48,Кубическая форма образуется в кишечнике из-за неодинаковой эластичности его стенок.
76,Химия,"Сверхчистая дистиллированная вода проводит электричество так же хорошо, как морская.",фейк,49,Морская вода содержит гораздо больше подвижных ионов и проводит ток значительно лучше.
77,Спорт и игры,"В бейсболе можно сделать хоум-ран, не выбив мяч за пределы поля.",факт,74,"При хоум-ране внутри парка отбивающий успевает обежать все базы, пока мяч остаётся в игре."
78,Искусство,Многие древнегреческие мраморные статуи изначально были ярко раскрашены.,факт,56,"Следы пигментов показывают, что античная скульптура не всегда была белой."
79,Язык,"Язык программирования Python назвали в честь комедийного шоу, а не змеи.",факт,50,Гвидо ван Россум вдохновился телешоу «Летающий цирк Монти Пайтона».
80,Океан,"На дне Марианской впадины давление почти нулевое, поскольку там нет солнечного света.",фейк,12,Давление на такой глубине чрезвычайно высокое и не определяется наличием света.
81,Химия,Жидкий кислород имеет голубоватый цвет.,факт,75,"В отличие от бесцветного газообразного кислорода, жидкий кислород выглядит бледно-голубым."
82,Музыка,"Любой музыкальный камертон издаёт только ноту до, потому что другие ноты физически нестабильны.",фейк,50,Камертоны делают для разных частот; широко распространён камертон с нотой ля 440 Гц.
83,Человек,"У новорождённого больше отдельных костных элементов, чем у взрослого человека.",факт,32,"По мере взросления некоторые кости, в том числе элементы черепа и крестца, срастаются."
84,Технологии,QR-код первоначально разработали для отслеживания деталей на автомобильном производстве.,факт,46,Код создала компания Denso Wave в 1994 году для эффективного учёта компонентов.
85,Растения и грибы,Венерина мухоловка закрывает ловушку от единственного случайного касания любого чувствительного волоска.,фейк,57,Обычно для быстрого захлопывания нужны два раздражения чувствительных волосков за короткое время.
86,Искусство,Статуя Свободы стала зелёной из-за слоя живых водорослей на металлической поверхности.,фейк,47,Зелёный цвет дала патина — продукты химического изменения медной облицовки.
87,Еда,Кофе с маркировкой «без кофеина» гарантированно не содержит ни одной молекулы кофеина.,фейк,48,"Декофеинизация удаляет большую часть кофеина, но не обязательно весь кофеин."
88,Язык,"Буква þ в староанглийском письме обозначала звук, который сегодня часто передают сочетанием th.",факт,76,"Символ thorn использовали для соответствующего согласного звука, например в словах со значением the и thing."
89,Интернет,Первое сообщение через ARPANET оборвалось на двух буквах «LO».,факт,80,"В 1969 году пытались передать команду LOGIN, но соединение прервалось после первых двух символов."
90,Животные,Все виды пингвинов живут в Антарктиде и никогда не встречаются в тёплых широтах.,фейк,39,Пингвины обитают и за пределами Антарктиды; галапагосские пингвины живут около экватора.
91,Музыка,"У концертной педальной арфы семь педалей, и одна педаль изменяет высоту всех одноимённых нот во всех октавах.",факт,77,"Каждая из семи педалей управляет струнами одной ноты, переключая её на полтона выше или ниже."
92,Животные,"Совы могут повернуть голову на полный оборот, не двигая туловищем.",фейк,17,"Шея совы позволяет поворот примерно до 270°, но не на 360°."
93,Океан,"Коралловые рифы строят крошечные животные, а не подводные растения.",факт,34,Коралловые полипы формируют известковые скелеты; симбиотические водоросли могут помогать им питаться.
94,Технологии,Любые два кабеля USB-C с одинаковыми разъёмами передают данные с одной скоростью и одинаково быстро заряжают устройства.,фейк,67,Внешне одинаковые USB-C-кабели могут поддерживать разные стандарты передачи данных и зарядки.
95,Новая история,Фернан Магеллан лично завершил первое кругосветное путешествие и вернулся на корабле в Испанию.,фейк,28,Магеллан погиб на Филиппинах; экспедицию завершили другие участники под командованием Хуана Себастьяна Элькано.
96,Спорт и игры,При счёте 10:10 партия в настольном теннисе заканчивается после следующего одного розыгрыша.,фейк,34,При таком счёте для победы требуется преимущество в два очка.
97,Древняя история,Египтяне писали иероглифами только на стенах храмов и никогда не использовали папирус.,фейк,36,"Иероглифические тексты встречаются и на папирусах, и на других переносных предметах."
98,Физика,"Космонавт на орбите теряет массу тела, поскольку в невесомости масса равна нулю.",фейк,29,"Невесомость связана со свободным падением, а масса при этом сохраняется."
99,Космос,На северном полюсе Сатурна облака образуют гигантский шестиугольный узор.,факт,59,Устойчивое шестиугольное течение атмосферы наблюдают около северного полюса планеты.
100,Химия,Чистый неон внутри классической газоразрядной вывески светится ярко-зелёным.,фейк,63,Разряд в неоне даёт оранжево-красное свечение; другие цвета получают с помощью иных газов и покрытий.
